{
  "hit": {
    "totalcmd": 22,
    "todaycmd": 22,
    "dimzz": 6,
    "dimzzmenu": 1,
    "dim": 6,
    "sc": 1,
    "self": 1,
    "mode": 2,
    "bot": 2,
    "clearchat": 1,
    "cek": 1,
    "brat": 1
  },
  "set": {
    "6282394961470@s.whatsapp.net": {
      "lang": "id",
      "limit": 0,
      "money": 0,
      "status": 0,
      "join": true,
      "public": true,
      "anticall": true,
      "original": true,
      "readsw": false,
      "autobio": false,
      "autoread": true,
      "antispam": false,
      "autotyping": true,
      "grouponly": true,
      "multiprefix": false,
      "privateonly": true,
      "author": "Dimzz dev",
      "autobackup": false,
      "botname": "Dimzz Bot",
      "packname": "DEVELOVER DIMZZ",
      "template": "documentMessage",
      "owner": [
        {
          "id": "6282394961470",
          "lock": true
        }
      ]
    }
  },
  "cmd": {},
  "store": {},
  "users": {
    "6282394961470@s.whatsapp.net": {
      "vip": false,
      "ban": false,
      "afkTime": -1,
      "afkReason": "",
      "register": false,
      "limit": 100000000000000000000,
      "money": 1010000,
      "lastclaim": 1754379654640,
      "lastbegal": 1754379654640,
      "lastrampok": 1754379654640
    },
    "120363417901488669@newsletter": {
      "vip": false,
      "ban": false,
      "afkTime": -1,
      "afkReason": "",
      "register": false,
      "limit": 20,
      "money": 10000,
      "lastclaim": 1754379659630,
      "lastbegal": 1754379659630,
      "lastrampok": 1754379659630
    },
    "6281313306916@s.whatsapp.net": {
      "vip": false,
      "ban": false,
      "afkTime": -1,
      "afkReason": "",
      "register": false,
      "limit": 20,
      "money": 10000,
      "lastclaim": 1754379665575,
      "lastbegal": 1754379665575,
      "lastrampok": 1754379665575
    },
    "6289602397875@s.whatsapp.net": {
      "vip": false,
      "ban": false,
      "afkTime": -1,
      "afkReason": "",
      "register": false,
      "limit": 20,
      "money": 10000,
      "lastclaim": 1754379679023,
      "lastbegal": 1754379679023,
      "lastrampok": 1754379679023
    },
    "6287816435008@s.whatsapp.net": {
      "vip": false,
      "ban": false,
      "afkTime": -1,
      "afkReason": "",
      "register": false,
      "limit": 20,
      "money": 10000,
      "lastclaim": 1754379686095,
      "lastbegal": 1754379686095,
      "lastrampok": 1754379686095
    },
    "6285727925779@s.whatsapp.net": {
      "vip": false,
      "ban": false,
      "afkTime": -1,
      "afkReason": "",
      "register": false,
      "limit": 20,
      "money": 10000,
      "lastclaim": 1754379698350,
      "lastbegal": 1754379698350,
      "lastrampok": 1754379698350
    },
    "120363290020886316@newsletter": {
      "vip": false,
      "ban": false,
      "afkTime": -1,
      "afkReason": "",
      "register": false,
      "limit": 20,
      "money": 10000,
      "lastclaim": 1754379705641,
      "lastbegal": 1754379705641,
      "lastrampok": 1754379705641
    },
    "6281260998592@s.whatsapp.net": {
      "vip": false,
      "ban": false,
      "afkTime": -1,
      "afkReason": "",
      "register": false,
      "limit": 20,
      "money": 10000,
      "lastclaim": 1754379751445,
      "lastbegal": 1754379751445,
      "lastrampok": 1754379751445
    },
    "120363315682946766@newsletter": {
      "vip": false,
      "ban": false,
      "afkTime": -1,
      "afkReason": "",
      "register": false,
      "limit": 20,
      "money": 10000,
      "lastclaim": 1754379760055,
      "lastbegal": 1754379760055,
      "lastrampok": 1754379760055
    },
    "6285774208975@s.whatsapp.net": {
      "vip": false,
      "ban": false,
      "afkTime": -1,
      "afkReason": "",
      "register": false,
      "limit": 20,
      "money": 10000,
      "lastclaim": 1754379767040,
      "lastbegal": 1754379767040,
      "lastrampok": 1754379767040
    },
    "6281220814549@s.whatsapp.net": {
      "vip": false,
      "ban": false,
      "afkTime": -1,
      "afkReason": "",
      "register": false,
      "limit": 20,
      "money": 10000,
      "lastclaim": 1754379770932,
      "lastbegal": 1754379770932,
      "lastrampok": 1754379770932
    },
    "120363419471747220@newsletter": {
      "vip": false,
      "ban": false,
      "afkTime": -1,
      "afkReason": "",
      "register": false,
      "limit": 20,
      "money": 10000,
      "lastclaim": 1754379779194,
      "lastbegal": 1754379779194,
      "lastrampok": 1754379779194
    },
    "120363400368258912@newsletter": {
      "vip": false,
      "ban": false,
      "afkTime": -1,
      "afkReason": "",
      "register": false,
      "limit": 20,
      "money": 10000,
      "lastclaim": 1754379794246,
      "lastbegal": 1754379794246,
      "lastrampok": 1754379794246
    },
    "120363246314841421@newsletter": {
      "vip": false,
      "ban": false,
      "afkTime": -1,
      "afkReason": "",
      "register": false,
      "limit": 20,
      "money": 10000,
      "lastclaim": 1754379883966,
      "lastbegal": 1754379883966,
      "lastrampok": 1754379883966
    },
    "6287719684984@s.whatsapp.net": {
      "vip": false,
      "ban": false,
      "afkTime": -1,
      "afkReason": "",
      "register": false,
      "limit": 20,
      "money": 10000,
      "lastclaim": 1754379917266,
      "lastbegal": 1754379917266,
      "lastrampok": 1754379917266
    },
    "120363420763184178@newsletter": {
      "vip": false,
      "ban": false,
      "afkTime": -1,
      "afkReason": "",
      "register": false,
      "limit": 20,
      "money": 10000,
      "lastclaim": 1754379967432,
      "lastbegal": 1754379967432,
      "lastrampok": 1754379967432
    },
    "18387208028208@lid": {
      "vip": false,
      "ban": false,
      "afkTime": -1,
      "afkReason": "",
      "register": false,
      "limit": 20,
      "money": 10000,
      "lastclaim": 1754380010493,
      "lastbegal": 1754380010493,
      "lastrampok": 1754380010493
    },
    "120363401151695566@newsletter": {
      "vip": false,
      "ban": false,
      "afkTime": -1,
      "afkReason": "",
      "register": false,
      "limit": 20,
      "money": 10000,
      "lastclaim": 1754380031867,
      "lastbegal": 1754380031867,
      "lastrampok": 1754380031867
    },
    "62882005205274@s.whatsapp.net": {
      "vip": false,
      "ban": false,
      "afkTime": -1,
      "afkReason": "",
      "register": false,
      "limit": 20,
      "money": 10000,
      "lastclaim": 1754380071403,
      "lastbegal": 1754380071403,
      "lastrampok": 1754380071403
    },
    "120363417587545861@newsletter": {
      "vip": false,
      "ban": false,
      "afkTime": -1,
      "afkReason": "",
      "register": false,
      "limit": 20,
      "money": 10000,
      "lastclaim": 1754380104930,
      "lastbegal": 1754380104930,
      "lastrampok": 1754380104930
    },
    "120363419753687241@newsletter": {
      "vip": false,
      "ban": false,
      "afkTime": -1,
      "afkReason": "",
      "register": false,
      "limit": 20,
      "money": 10000,
      "lastclaim": 1754380115553,
      "lastbegal": 1754380115553,
      "lastrampok": 1754380115553
    },
    "6283198798485@s.whatsapp.net": {
      "vip": false,
      "ban": false,
      "afkTime": -1,
      "afkReason": "",
      "register": false,
      "limit": 20,
      "money": 10000,
      "lastclaim": 1754380127723,
      "lastbegal": 1754380127723,
      "lastrampok": 1754380127723
    },
    "120363307847006479@newsletter": {
      "vip": false,
      "ban": false,
      "afkTime": -1,
      "afkReason": "",
      "register": false,
      "limit": 20,
      "money": 10000,
      "lastclaim": 1754380196668,
      "lastbegal": 1754380196668,
      "lastrampok": 1754380196668
    },
    "6283865163674@s.whatsapp.net": {
      "vip": false,
      "ban": false,
      "afkTime": -1,
      "afkReason": "",
      "register": false,
      "limit": 20,
      "money": 10000,
      "lastclaim": 1754380252354,
      "lastbegal": 1754380252354,
      "lastrampok": 1754380252354
    },
    "6285238053095@s.whatsapp.net": {
      "vip": false,
      "ban": false,
      "afkTime": -1,
      "afkReason": "",
      "register": false,
      "limit": 1,
      "money": 10,
      "lastclaim": 1754380281713,
      "lastbegal": 1754380281713,
      "lastrampok": 1754380281713
    },
    "628567620533@s.whatsapp.net": {
      "vip": false,
      "ban": false,
      "afkTime": -1,
      "afkReason": "",
      "register": false,
      "limit": 1,
      "money": 10,
      "lastclaim": 1754380466771,
      "lastbegal": 1754380466771,
      "lastrampok": 1754380466771
    },
    "120363417875556388@newsletter": {
      "vip": false,
      "ban": false,
      "afkTime": -1,
      "afkReason": "",
      "register": false,
      "limit": 1,
      "money": 10,
      "lastclaim": 1754380519490,
      "lastbegal": 1754380519490,
      "lastrampok": 1754380519490
    },
    "120363401792282515@newsletter": {
      "vip": false,
      "ban": false,
      "afkTime": -1,
      "afkReason": "",
      "register": false,
      "limit": 1,
      "money": 10,
      "lastclaim": 1754380529553,
      "lastbegal": 1754380529553,
      "lastrampok": 1754380529553
    },
    "6283171877669@s.whatsapp.net": {
      "vip": false,
      "ban": false,
      "afkTime": -1,
      "afkReason": "",
      "register": false,
      "limit": 1,
      "money": 10,
      "lastclaim": 1754380630153,
      "lastbegal": 1754380630153,
      "lastrampok": 1754380630153
    },
    "6285763087137@s.whatsapp.net": {
      "vip": false,
      "ban": false,
      "afkTime": -1,
      "afkReason": "",
      "register": false,
      "limit": 1,
      "money": 10,
      "lastclaim": 1754380630171,
      "lastbegal": 1754380630171,
      "lastrampok": 1754380630171
    },
    "120363376128294305@newsletter": {
      "vip": false,
      "ban": false,
      "afkTime": -1,
      "afkReason": "",
      "register": false,
      "limit": 1,
      "money": 10,
      "lastclaim": 1754380630190,
      "lastbegal": 1754380630190,
      "lastrampok": 1754380630190
    },
    "6285183131924@s.whatsapp.net": {
      "vip": false,
      "ban": false,
      "afkTime": -1,
      "afkReason": "",
      "register": false,
      "limit": 1,
      "money": 10,
      "lastclaim": 1754380659335,
      "lastbegal": 1754380659335,
      "lastrampok": 1754380659335
    },
    "6285961587341@s.whatsapp.net": {
      "vip": false,
      "ban": false,
      "afkTime": -1,
      "afkReason": "",
      "register": false,
      "limit": 1,
      "money": 10,
      "lastclaim": 1754380660619,
      "lastbegal": 1754380660619,
      "lastrampok": 1754380660619
    },
    "120363418537566541@newsletter": {
      "vip": false,
      "ban": false,
      "afkTime": -1,
      "afkReason": "",
      "register": false,
      "limit": 1,
      "money": 10,
      "lastclaim": 1754380705882,
      "lastbegal": 1754380705882,
      "lastrampok": 1754380705882
    },
    "120363400163858383@newsletter": {
      "vip": false,
      "ban": false,
      "afkTime": -1,
      "afkReason": "",
      "register": false,
      "limit": 1,
      "money": 10,
      "lastclaim": 1754380746070,
      "lastbegal": 1754380746070,
      "lastrampok": 1754380746070
    },
    "6281218121416@s.whatsapp.net": {
      "vip": false,
      "ban": false,
      "afkTime": -1,
      "afkReason": "",
      "register": false,
      "limit": 1,
      "money": 10,
      "lastclaim": 1754380963011,
      "lastbegal": 1754380963011,
      "lastrampok": 1754380963011
    },
    "120363393646531951@newsletter": {
      "vip": false,
      "ban": false,
      "afkTime": -1,
      "afkReason": "",
      "register": false,
      "limit": 1,
      "money": 10,
      "lastclaim": 1754380977497,
      "lastbegal": 1754380977497,
      "lastrampok": 1754380977497
    },
    "6287865980927@s.whatsapp.net": {
      "vip": false,
      "ban": false,
      "afkTime": -1,
      "afkReason": "",
      "register": false,
      "limit": 1,
      "money": 10,
      "lastclaim": 1754381026882,
      "lastbegal": 1754381026882,
      "lastrampok": 1754381026882
    },
    "6285607762077@s.whatsapp.net": {
      "vip": false,
      "ban": false,
      "afkTime": -1,
      "afkReason": "",
      "register": false,
      "limit": 1,
      "money": 10,
      "lastclaim": 1754381050149,
      "lastbegal": 1754381050149,
      "lastrampok": 1754381050149
    },
    "120363346414594923@newsletter": {
      "vip": false,
      "ban": false,
      "afkTime": -1,
      "afkReason": "",
      "register": false,
      "limit": 1,
      "money": 10,
      "lastclaim": 1754381068183,
      "lastbegal": 1754381068183,
      "lastrampok": 1754381068183
    },
    "6281260889567@s.whatsapp.net": {
      "vip": false,
      "ban": false,
      "afkTime": -1,
      "afkReason": "",
      "register": false,
      "limit": 1,
      "money": 10,
      "lastclaim": 1754381073605,
      "lastbegal": 1754381073605,
      "lastrampok": 1754381073605
    },
    "120363367678122516@newsletter": {
      "vip": false,
      "ban": false,
      "afkTime": -1,
      "afkReason": "",
      "register": false,
      "limit": 1,
      "money": 10,
      "lastclaim": 1754381090386,
      "lastbegal": 1754381090386,
      "lastrampok": 1754381090386
    },
    "6285337331676@s.whatsapp.net": {
      "vip": false,
      "ban": false,
      "afkTime": -1,
      "afkReason": "",
      "register": false,
      "limit": 1,
      "money": 10,
      "lastclaim": 1754381157494,
      "lastbegal": 1754381157494,
      "lastrampok": 1754381157494
    },
    "120363333501951612@newsletter": {
      "vip": false,
      "ban": false,
      "afkTime": -1,
      "afkReason": "",
      "register": false,
      "limit": 1,
      "money": 10,
      "lastclaim": 1754381163386,
      "lastbegal": 1754381163386,
      "lastrampok": 1754381163386
    },
    "628155178982@s.whatsapp.net": {
      "vip": false,
      "ban": false,
      "afkTime": -1,
      "afkReason": "",
      "register": false,
      "limit": 1,
      "money": 10,
      "lastclaim": 1754381222600,
      "lastbegal": 1754381222600,
      "lastrampok": 1754381222600
    },
    "74660020539416@lid": {
      "vip": false,
      "ban": false,
      "afkTime": -1,
      "afkReason": "",
      "register": false,
      "limit": 1,
      "money": 10,
      "lastclaim": 1754381300772,
      "lastbegal": 1754381300772,
      "lastrampok": 1754381300772
    },
    "153751860068515@lid": {
      "vip": false,
      "ban": false,
      "afkTime": -1,
      "afkReason": "",
      "register": false,
      "limit": 1,
      "money": 10,
      "lastclaim": 1754381420055,
      "lastbegal": 1754381420055,
      "lastrampok": 1754381420055
    },
    "120363301743038361@newsletter": {
      "vip": false,
      "ban": false,
      "afkTime": -1,
      "afkReason": "",
      "register": false,
      "limit": 1,
      "money": 10,
      "lastclaim": 1754381423803,
      "lastbegal": 1754381423803,
      "lastrampok": 1754381423803
    },
    "120363340324240551@newsletter": {
      "vip": false,
      "ban": false,
      "afkTime": -1,
      "afkReason": "",
      "register": false,
      "limit": 1,
      "money": 10,
      "lastclaim": 1754381545268,
      "lastbegal": 1754381545268,
      "lastrampok": 1754381545268
    },
    "120363419821382308@newsletter": {
      "vip": false,
      "ban": false,
      "afkTime": -1,
      "afkReason": "",
      "register": false,
      "limit": 1,
      "money": 10,
      "lastclaim": 1754381734803,
      "lastbegal": 1754381734803,
      "lastrampok": 1754381734803
    },
    "120363314571321104@newsletter": {
      "vip": false,
      "ban": false,
      "afkTime": -1,
      "afkReason": "",
      "register": false,
      "limit": 1,
      "money": 10,
      "lastclaim": 1754381742116,
      "lastbegal": 1754381742116,
      "lastrampok": 1754381742116
    },
    "120363419663544912@g.us": {
      "vip": false,
      "ban": false,
      "afkTime": -1,
      "afkReason": "",
      "register": false,
      "limit": 1,
      "money": 10,
      "lastclaim": 1754381767060,
      "lastbegal": 1754381767060,
      "lastrampok": 1754381767060
    },
    "62882003087995@s.whatsapp.net": {
      "vip": false,
      "ban": false,
      "afkTime": -1,
      "afkReason": "",
      "register": false,
      "limit": 1,
      "money": 10,
      "lastclaim": 1754381787415,
      "lastbegal": 1754381787415,
      "lastrampok": 1754381787415
    },
    "6282259541919@s.whatsapp.net": {
      "vip": false,
      "ban": false,
      "afkTime": -1,
      "afkReason": "",
      "register": false,
      "limit": 100000000000000000000,
      "money": 1000010,
      "lastclaim": 1754381794308,
      "lastbegal": 1754381794308,
      "lastrampok": 1754381794308
    },
    "62895321048195@s.whatsapp.net": {
      "vip": false,
      "ban": false,
      "afkTime": -1,
      "afkReason": "",
      "register": false,
      "limit": 1,
      "money": 10,
      "lastclaim": 1754381798374,
      "lastbegal": 1754381798374,
      "lastrampok": 1754381798374
    },
    "120363389676866694@newsletter": {
      "vip": false,
      "ban": false,
      "afkTime": -1,
      "afkReason": "",
      "register": false,
      "limit": 1,
      "money": 10,
      "lastclaim": 1754381842674,
      "lastbegal": 1754381842674,
      "lastrampok": 1754381842674
    },
    "6285855962331@s.whatsapp.net": {
      "vip": false,
      "ban": false,
      "afkTime": -1,
      "afkReason": "",
      "register": false,
      "limit": 1,
      "money": 10,
      "lastclaim": 1754381844531,
      "lastbegal": 1754381844531,
      "lastrampok": 1754381844531
    },
    "6287734816799@s.whatsapp.net": {
      "vip": false,
      "ban": false,
      "afkTime": -1,
      "afkReason": "",
      "register": false,
      "limit": 1,
      "money": 10,
      "lastclaim": 1754381847046,
      "lastbegal": 1754381847046,
      "lastrampok": 1754381847046
    },
    "120363331066440639@g.us": {
      "vip": false,
      "ban": false,
      "afkTime": -1,
      "afkReason": "",
      "register": false,
      "limit": 1,
      "money": 10,
      "lastclaim": 1754382016478,
      "lastbegal": 1754382016478,
      "lastrampok": 1754382016478
    },
    "6285361517160@s.whatsapp.net": {
      "vip": false,
      "ban": false,
      "afkTime": -1,
      "afkReason": "",
      "register": false,
      "limit": 1,
      "money": 10,
      "lastclaim": 1754382045489,
      "lastbegal": 1754382045489,
      "lastrampok": 1754382045489
    },
    "6281299754397@s.whatsapp.net": {
      "vip": false,
      "ban": false,
      "afkTime": -1,
      "afkReason": "",
      "register": false,
      "limit": 1,
      "money": 10,
      "lastclaim": 1754382135480,
      "lastbegal": 1754382135480,
      "lastrampok": 1754382135480
    },
    "120363377673013134@newsletter": {
      "vip": false,
      "ban": false,
      "afkTime": -1,
      "afkReason": "",
      "register": false,
      "limit": 1,
      "money": 10,
      "lastclaim": 1754382207171,
      "lastbegal": 1754382207171,
      "lastrampok": 1754382207171
    },
    "120363370809345725@newsletter": {
      "vip": false,
      "ban": false,
      "afkTime": -1,
      "afkReason": "",
      "register": false,
      "limit": 1,
      "money": 10,
      "lastclaim": 1754382232954,
      "lastbegal": 1754382232954,
      "lastrampok": 1754382232954
    },
    "120363390274692764@newsletter": {
      "vip": false,
      "ban": false,
      "afkTime": -1,
      "afkReason": "",
      "register": false,
      "limit": 1,
      "money": 10,
      "lastclaim": 1754382330650,
      "lastbegal": 1754382330650,
      "lastrampok": 1754382330650
    },
    "120363408424592925@newsletter": {
      "vip": false,
      "ban": false,
      "afkTime": -1,
      "afkReason": "",
      "register": false,
      "limit": 1,
      "money": 10,
      "lastclaim": 1754382344673,
      "lastbegal": 1754382344673,
      "lastrampok": 1754382344673
    },
    "6281246841435@s.whatsapp.net": {
      "vip": false,
      "ban": false,
      "afkTime": -1,
      "afkReason": "",
      "register": false,
      "limit": 1,
      "money": 10,
      "lastclaim": 1754382384217,
      "lastbegal": 1754382384217,
      "lastrampok": 1754382384217
    },
    "215255573594324@lid": {
      "vip": false,
      "ban": false,
      "afkTime": -1,
      "afkReason": "",
      "register": false,
      "limit": 1,
      "money": 10,
      "lastclaim": 1754382449633,
      "lastbegal": 1754382449633,
      "lastrampok": 1754382449633
    },
    "120363339201924405@newsletter": {
      "vip": false,
      "ban": false,
      "afkTime": -1,
      "afkReason": "",
      "register": false,
      "limit": 1,
      "money": 10,
      "lastclaim": 1754382501054,
      "lastbegal": 1754382501054,
      "lastrampok": 1754382501054
    },
    "120363327056166742@newsletter": {
      "vip": false,
      "ban": false,
      "afkTime": -1,
      "afkReason": "",
      "register": false,
      "limit": 1,
      "money": 10,
      "lastclaim": 1754382508113,
      "lastbegal": 1754382508113,
      "lastrampok": 1754382508113
    },
    "120363398394780625@newsletter": {
      "vip": false,
      "ban": false,
      "afkTime": -1,
      "afkReason": "",
      "register": false,
      "limit": 1,
      "money": 10,
      "lastclaim": 1754382563870,
      "lastbegal": 1754382563870,
      "lastrampok": 1754382563870
    },
    "120363416378820046@newsletter": {
      "vip": false,
      "ban": false,
      "afkTime": -1,
      "afkReason": "",
      "register": false,
      "limit": 1,
      "money": 10,
      "lastclaim": 1754382579582,
      "lastbegal": 1754382579582,
      "lastrampok": 1754382579582
    },
    "120363354874789017@newsletter": {
      "vip": false,
      "ban": false,
      "afkTime": -1,
      "afkReason": "",
      "register": false,
      "limit": 1,
      "money": 10,
      "lastclaim": 1754382586735,
      "lastbegal": 1754382586735,
      "lastrampok": 1754382586735
    },
    "120363418107112516@newsletter": {
      "vip": false,
      "ban": false,
      "afkTime": -1,
      "afkReason": "",
      "register": false,
      "limit": 1,
      "money": 10,
      "lastclaim": 1754382625234,
      "lastbegal": 1754382625234,
      "lastrampok": 1754382625234
    },
    "120363421058800458@newsletter": {
      "vip": false,
      "ban": false,
      "afkTime": -1,
      "afkReason": "",
      "register": false,
      "limit": 1,
      "money": 10,
      "lastclaim": 1754382631412,
      "lastbegal": 1754382631412,
      "lastrampok": 1754382631412
    },
    "6282254921042@s.whatsapp.net": {
      "vip": false,
      "ban": false,
      "afkTime": -1,
      "afkReason": "",
      "register": false,
      "limit": 1,
      "money": 10,
      "lastclaim": 1754382736583,
      "lastbegal": 1754382736583,
      "lastrampok": 1754382736583
    },
    "6282292666014@s.whatsapp.net": {
      "vip": false,
      "ban": false,
      "afkTime": -1,
      "afkReason": "",
      "register": false,
      "limit": 1,
      "money": 10,
      "lastclaim": 1754382841400,
      "lastbegal": 1754382841400,
      "lastrampok": 1754382841400
    },
    "6283131815344@s.whatsapp.net": {
      "vip": false,
      "ban": false,
      "afkTime": -1,
      "afkReason": "",
      "register": false,
      "limit": 1,
      "money": 10,
      "lastclaim": 1754382893517,
      "lastbegal": 1754382893517,
      "lastrampok": 1754382893517
    },
    "120363417588246969@newsletter": {
      "vip": false,
      "ban": false,
      "afkTime": -1,
      "afkReason": "",
      "register": false,
      "limit": 1,
      "money": 10,
      "lastclaim": 1754382904012,
      "lastbegal": 1754382904012,
      "lastrampok": 1754382904012
    },
    "120363402472579489@newsletter": {
      "vip": false,
      "ban": false,
      "afkTime": -1,
      "afkReason": "",
      "register": false,
      "limit": 1,
      "money": 10,
      "lastclaim": 1754382907729,
      "lastbegal": 1754382907729,
      "lastrampok": 1754382907729
    },
    "120363369674093146@newsletter": {
      "vip": false,
      "ban": false,
      "afkTime": -1,
      "afkReason": "",
      "register": false,
      "limit": 1,
      "money": 10,
      "lastclaim": 1754382912426,
      "lastbegal": 1754382912426,
      "lastrampok": 1754382912426
    },
    "120363418687980517@newsletter": {
      "vip": false,
      "ban": false,
      "afkTime": -1,
      "afkReason": "",
      "register": false,
      "limit": 1,
      "money": 10,
      "lastclaim": 1754382917883,
      "lastbegal": 1754382917883,
      "lastrampok": 1754382917883
    },
    "6288902897486@s.whatsapp.net": {
      "vip": false,
      "ban": false,
      "afkTime": -1,
      "afkReason": "",
      "register": false,
      "limit": 1,
      "money": 10,
      "lastclaim": 1754383093927,
      "lastbegal": 1754383093927,
      "lastrampok": 1754383093927
    },
    "6282259546768@s.whatsapp.net": {
      "vip": false,
      "ban": false,
      "afkTime": -1,
      "afkReason": "",
      "register": false,
      "limit": 1,
      "money": 10,
      "lastclaim": 1754383247775,
      "lastbegal": 1754383247775,
      "lastrampok": 1754383247775
    },
    "6285236767490@s.whatsapp.net": {
      "vip": false,
      "ban": false,
      "afkTime": -1,
      "afkReason": "",
      "register": false,
      "limit": 1,
      "money": 10,
      "lastclaim": 1754383264344,
      "lastbegal": 1754383264344,
      "lastrampok": 1754383264344
    },
    "6282297841238@s.whatsapp.net": {
      "vip": false,
      "ban": false,
      "afkTime": -1,
      "afkReason": "",
      "register": false,
      "limit": 1,
      "money": 10,
      "lastclaim": 1754383351040,
      "lastbegal": 1754383351040,
      "lastrampok": 1754383351040
    },
    "6289612979339@s.whatsapp.net": {
      "vip": false,
      "ban": false,
      "afkTime": -1,
      "afkReason": "",
      "register": false,
      "limit": 1,
      "money": 10,
      "lastclaim": 1754383393100,
      "lastbegal": 1754383393100,
      "lastrampok": 1754383393100
    },
    "120363216918738794@newsletter": {
      "vip": false,
      "ban": false,
      "afkTime": -1,
      "afkReason": "",
      "register": false,
      "limit": 1,
      "money": 10,
      "lastclaim": 1754383396389,
      "lastbegal": 1754383396389,
      "lastrampok": 1754383396389
    },
    "6285701736908@s.whatsapp.net": {
      "vip": false,
      "ban": false,
      "afkTime": -1,
      "afkReason": "",
      "register": false,
      "limit": 1,
      "money": 10,
      "lastclaim": 1754383409919,
      "lastbegal": 1754383409919,
      "lastrampok": 1754383409919
    },
    "6282116821665@s.whatsapp.net": {
      "vip": false,
      "ban": false,
      "afkTime": -1,
      "afkReason": "",
      "register": false,
      "limit": 1,
      "money": 10,
      "lastclaim": 1754383471248,
      "lastbegal": 1754383471248,
      "lastrampok": 1754383471248
    },
    "120363297663358703@newsletter": {
      "vip": false,
      "ban": false,
      "afkTime": -1,
      "afkReason": "",
      "register": false,
      "limit": 1,
      "money": 10,
      "lastclaim": 1754383591329,
      "lastbegal": 1754383591329,
      "lastrampok": 1754383591329
    },
    "6283877090810@s.whatsapp.net": {
      "vip": false,
      "ban": false,
      "afkTime": -1,
      "afkReason": "",
      "register": false,
      "limit": 1,
      "money": 10,
      "lastclaim": 1754383644929,
      "lastbegal": 1754383644929,
      "lastrampok": 1754383644929
    },
    "120363401901056933@newsletter": {
      "vip": false,
      "ban": false,
      "afkTime": -1,
      "afkReason": "",
      "register": false,
      "limit": 1,
      "money": 10,
      "lastclaim": 1754383678714,
      "lastbegal": 1754383678714,
      "lastrampok": 1754383678714
    },
    "6285967060710@s.whatsapp.net": {
      "vip": false,
      "ban": false,
      "afkTime": -1,
      "afkReason": "",
      "register": false,
      "limit": 1,
      "money": 10,
      "lastclaim": 1754383799745,
      "lastbegal": 1754383799745,
      "lastrampok": 1754383799745
    },
    "6285754196463@s.whatsapp.net": {
      "vip": false,
      "ban": false,
      "afkTime": -1,
      "afkReason": "",
      "register": false,
      "limit": 1,
      "money": 10,
      "lastclaim": 1754383805668,
      "lastbegal": 1754383805668,
      "lastrampok": 1754383805668
    },
    "120363389651910480@newsletter": {
      "vip": false,
      "ban": false,
      "afkTime": -1,
      "afkReason": "",
      "register": false,
      "limit": 1,
      "money": 10,
      "lastclaim": 1754383807166,
      "lastbegal": 1754383807166,
      "lastrampok": 1754383807166
    },
    "6285377750025@s.whatsapp.net": {
      "vip": false,
      "ban": false,
      "afkTime": -1,
      "afkReason": "",
      "register": false,
      "limit": 1,
      "money": 10,
      "lastclaim": 1754383922947,
      "lastbegal": 1754383922947,
      "lastrampok": 1754383922947
    },
    "120363401969577360@newsletter": {
      "vip": false,
      "ban": false,
      "afkTime": -1,
      "afkReason": "",
      "register": false,
      "limit": 1,
      "money": 10,
      "lastclaim": 1754383952996,
      "lastbegal": 1754383952996,
      "lastrampok": 1754383952996
    },
    "120363404694267298@newsletter": {
      "vip": false,
      "ban": false,
      "afkTime": -1,
      "afkReason": "",
      "register": false,
      "limit": 1,
      "money": 10,
      "lastclaim": 1754383953054,
      "lastbegal": 1754383953054,
      "lastrampok": 1754383953054
    },
    "120363319695428225@newsletter": {
      "vip": false,
      "ban": false,
      "afkTime": -1,
      "afkReason": "",
      "register": false,
      "limit": 1,
      "money": 10,
      "lastclaim": 1754384030994,
      "lastbegal": 1754384030994,
      "lastrampok": 1754384030994
    },
    "120363344561691882@newsletter": {
      "vip": false,
      "ban": false,
      "afkTime": -1,
      "afkReason": "",
      "register": false,
      "limit": 1,
      "money": 10,
      "lastclaim": 1754384067998,
      "lastbegal": 1754384067998,
      "lastrampok": 1754384067998
    },
    "120363400406981673@newsletter": {
      "vip": false,
      "ban": false,
      "afkTime": -1,
      "afkReason": "",
      "register": false,
      "limit": 1,
      "money": 10,
      "lastclaim": 1754384077330,
      "lastbegal": 1754384077330,
      "lastrampok": 1754384077330
    },
    "62895366874000@s.whatsapp.net": {
      "vip": false,
      "ban": false,
      "afkTime": -1,
      "afkReason": "",
      "register": false,
      "limit": 1,
      "money": 10,
      "lastclaim": 1754384109351,
      "lastbegal": 1754384109351,
      "lastrampok": 1754384109351
    },
    "120363309560293005@newsletter": {
      "vip": false,
      "ban": false,
      "afkTime": -1,
      "afkReason": "",
      "register": false,
      "limit": 1,
      "money": 10,
      "lastclaim": 1754384121743,
      "lastbegal": 1754384121743,
      "lastrampok": 1754384121743
    },
    "120363388739599619@newsletter": {
      "vip": false,
      "ban": false,
      "afkTime": -1,
      "afkReason": "",
      "register": false,
      "limit": 1,
      "money": 10,
      "lastclaim": 1754384173044,
      "lastbegal": 1754384173044,
      "lastrampok": 1754384173044
    },
    "52042705961105@lid": {
      "vip": false,
      "ban": false,
      "afkTime": -1,
      "afkReason": "",
      "register": false,
      "limit": 1,
      "money": 10,
      "lastclaim": 1754384207315,
      "lastbegal": 1754384207315,
      "lastrampok": 1754384207315
    },
    "6285648617049@s.whatsapp.net": {
      "vip": false,
      "ban": false,
      "afkTime": -1,
      "afkReason": "",
      "register": false,
      "limit": 1,
      "money": 10,
      "lastclaim": 1754384257495,
      "lastbegal": 1754384257495,
      "lastrampok": 1754384257495
    },
    "120363417198622418@newsletter": {
      "vip": false,
      "ban": false,
      "afkTime": -1,
      "afkReason": "",
      "register": false,
      "limit": 1,
      "money": 10,
      "lastclaim": 1754384280105,
      "lastbegal": 1754384280105,
      "lastrampok": 1754384280105
    },
    "120363399945741285@newsletter": {
      "vip": false,
      "ban": false,
      "afkTime": -1,
      "afkReason": "",
      "register": false,
      "limit": 1,
      "money": 10,
      "lastclaim": 1754384401238,
      "lastbegal": 1754384401238,
      "lastrampok": 1754384401238
    },
    "120363418557093738@newsletter": {
      "vip": false,
      "ban": false,
      "afkTime": -1,
      "afkReason": "",
      "register": false,
      "limit": 1,
      "money": 10,
      "lastclaim": 1754384449902,
      "lastbegal": 1754384449902,
      "lastrampok": 1754384449902
    },
    "120363383239597459@newsletter": {
      "vip": false,
      "ban": false,
      "afkTime": -1,
      "afkReason": "",
      "register": false,
      "limit": 1,
      "money": 10,
      "lastclaim": 1754384460556,
      "lastbegal": 1754384460556,
      "lastrampok": 1754384460556
    },
    "120363391916086556@newsletter": {
      "vip": false,
      "ban": false,
      "afkTime": -1,
      "afkReason": "",
      "register": false,
      "limit": 1,
      "money": 10,
      "lastclaim": 1754384488385,
      "lastbegal": 1754384488385,
      "lastrampok": 1754384488385
    },
    "120363419218470057@newsletter": {
      "vip": false,
      "ban": false,
      "afkTime": -1,
      "afkReason": "",
      "register": false,
      "limit": 1,
      "money": 10,
      "lastclaim": 1754384492412,
      "lastbegal": 1754384492412,
      "lastrampok": 1754384492412
    },
    "120363186130999681@newsletter": {
      "vip": false,
      "ban": false,
      "afkTime": -1,
      "afkReason": "",
      "register": false,
      "limit": 1,
      "money": 10,
      "lastclaim": 1754384496188,
      "lastbegal": 1754384496188,
      "lastrampok": 1754384496188
    },
    "6289507766517@s.whatsapp.net": {
      "vip": false,
      "ban": false,
      "afkTime": -1,
      "afkReason": "",
      "register": false,
      "limit": 1,
      "money": 10,
      "lastclaim": 1754384619385,
      "lastbegal": 1754384619385,
      "lastrampok": 1754384619385
    },
    "120363398702779357@newsletter": {
      "vip": false,
      "ban": false,
      "afkTime": -1,
      "afkReason": "",
      "register": false,
      "limit": 1,
      "money": 10,
      "lastclaim": 1754384740704,
      "lastbegal": 1754384740704,
      "lastrampok": 1754384740704
    },
    "6285954704085@s.whatsapp.net": {
      "vip": false,
      "ban": false,
      "afkTime": -1,
      "afkReason": "",
      "register": false,
      "limit": 1,
      "money": 10,
      "lastclaim": 1754384766648,
      "lastbegal": 1754384766648,
      "lastrampok": 1754384766648
    },
    "120363399176072622@newsletter": {
      "vip": false,
      "ban": false,
      "afkTime": -1,
      "afkReason": "",
      "register": false,
      "limit": 1,
      "money": 10,
      "lastclaim": 1754384774903,
      "lastbegal": 1754384774903,
      "lastrampok": 1754384774903
    },
    "6285821357225@s.whatsapp.net": {
      "vip": false,
      "ban": false,
      "afkTime": -1,
      "afkReason": "",
      "register": false,
      "limit": 1,
      "money": 10,
      "lastclaim": 1754384777850,
      "lastbegal": 1754384777850,
      "lastrampok": 1754384777850
    },
    "120363350996356696@newsletter": {
      "vip": false,
      "ban": false,
      "afkTime": -1,
      "afkReason": "",
      "register": false,
      "limit": 1,
      "money": 10,
      "lastclaim": 1754384885319,
      "lastbegal": 1754384885319,
      "lastrampok": 1754384885319
    },
    "120363399110478282@newsletter": {
      "vip": false,
      "ban": false,
      "afkTime": -1,
      "afkReason": "",
      "register": false,
      "limit": 1,
      "money": 10,
      "lastclaim": 1754384957753,
      "lastbegal": 1754384957753,
      "lastrampok": 1754384957753
    },
    "120363378352189965@newsletter": {
      "vip": false,
      "ban": false,
      "afkTime": -1,
      "afkReason": "",
      "register": false,
      "limit": 1,
      "money": 10,
      "lastclaim": 1754384995808,
      "lastbegal": 1754384995808,
      "lastrampok": 1754384995808
    },
    "6281949254711@s.whatsapp.net": {
      "vip": false,
      "ban": false,
      "afkTime": -1,
      "afkReason": "",
      "register": false,
      "limit": 1,
      "money": 10,
      "lastclaim": 1754385000679,
      "lastbegal": 1754385000679,
      "lastrampok": 1754385000679
    },
    "120363307651656875@newsletter": {
      "vip": false,
      "ban": false,
      "afkTime": -1,
      "afkReason": "",
      "register": false,
      "limit": 1,
      "money": 10,
      "lastclaim": 1754385063540,
      "lastbegal": 1754385063540,
      "lastrampok": 1754385063541
    },
    "120363309365945799@newsletter": {
      "vip": false,
      "ban": false,
      "afkTime": -1,
      "afkReason": "",
      "register": false,
      "limit": 1,
      "money": 10,
      "lastclaim": 1754385108882,
      "lastbegal": 1754385108882,
      "lastrampok": 1754385108882
    },
    "120363237417581610@newsletter": {
      "vip": false,
      "ban": false,
      "afkTime": -1,
      "afkReason": "",
      "register": false,
      "limit": 1,
      "money": 10,
      "lastclaim": 1754385163032,
      "lastbegal": 1754385163032,
      "lastrampok": 1754385163032
    },
    "120363370133420649@newsletter": {
      "vip": false,
      "ban": false,
      "afkTime": -1,
      "afkReason": "",
      "register": false,
      "limit": 1,
      "money": 10,
      "lastclaim": 1754385191769,
      "lastbegal": 1754385191769,
      "lastrampok": 1754385191769
    },
    "120363412398637614@newsletter": {
      "vip": false,
      "ban": false,
      "afkTime": -1,
      "afkReason": "",
      "register": false,
      "limit": 1,
      "money": 10,
      "lastclaim": 1754385376776,
      "lastbegal": 1754385376776,
      "lastrampok": 1754385376776
    },
    "120363329328877571@g.us": {
      "vip": false,
      "ban": false,
      "afkTime": -1,
      "afkReason": "",
      "register": false,
      "limit": 1,
      "money": 10,
      "lastclaim": 1754385597432,
      "lastbegal": 1754385597432,
      "lastrampok": 1754385597432
    },
    "120363307758523980@newsletter": {
      "vip": false,
      "ban": false,
      "afkTime": -1,
      "afkReason": "",
      "register": false,
      "limit": 1,
      "money": 10,
      "lastclaim": 1754385633149,
      "lastbegal": 1754385633149,
      "lastrampok": 1754385633149
    },
    "120363420170631491@newsletter": {
      "vip": false,
      "ban": false,
      "afkTime": -1,
      "afkReason": "",
      "register": false,
      "limit": 1,
      "money": 10,
      "lastclaim": 1754385819413,
      "lastbegal": 1754385819413,
      "lastrampok": 1754385819413
    },
    "120363400765181213@newsletter": {
      "vip": false,
      "ban": false,
      "afkTime": -1,
      "afkReason": "",
      "register": false,
      "limit": 1,
      "money": 10,
      "lastclaim": 1754385830692,
      "lastbegal": 1754385830692,
      "lastrampok": 1754385830692
    },
    "120363419103430554@newsletter": {
      "vip": false,
      "ban": false,
      "afkTime": -1,
      "afkReason": "",
      "register": false,
      "limit": 1,
      "money": 10,
      "lastclaim": 1754385843590,
      "lastbegal": 1754385843590,
      "lastrampok": 1754385843590
    },
    "120363419985857800@newsletter": {
      "vip": false,
      "ban": false,
      "afkTime": -1,
      "afkReason": "",
      "register": false,
      "limit": 1,
      "money": 10,
      "lastclaim": 1754385853030,
      "lastbegal": 1754385853030,
      "lastrampok": 1754385853030
    },
    "120363400371838358@g.us": {
      "vip": false,
      "ban": false,
      "afkTime": -1,
      "afkReason": "",
      "register": false,
      "limit": 1,
      "money": 10,
      "lastclaim": 1754385858499,
      "lastbegal": 1754385858499,
      "lastrampok": 1754385858499
    },
    "120363402034618563@newsletter": {
      "vip": false,
      "ban": false,
      "afkTime": -1,
      "afkReason": "",
      "register": false,
      "limit": 1,
      "money": 10,
      "lastclaim": 1754385872268,
      "lastbegal": 1754385872268,
      "lastrampok": 1754385872268
    },
    "6288215914009@s.whatsapp.net": {
      "vip": false,
      "ban": false,
      "afkTime": -1,
      "afkReason": "",
      "register": false,
      "limit": 1,
      "money": 10,
      "lastclaim": 1754388465691,
      "lastbegal": 1754388465691,
      "lastrampok": 1754388465691
    },
    "120363419795382922@newsletter": {
      "vip": false,
      "ban": false,
      "afkTime": -1,
      "afkReason": "",
      "register": false,
      "limit": 1,
      "money": 10,
      "lastclaim": 1754388466293,
      "lastbegal": 1754388466293,
      "lastrampok": 1754388466293
    },
    "6282299438177@s.whatsapp.net": {
      "vip": false,
      "ban": false,
      "afkTime": -1,
      "afkReason": "",
      "register": false,
      "limit": 1,
      "money": 10,
      "lastclaim": 1754388487023,
      "lastbegal": 1754388487023,
      "lastrampok": 1754388487023
    },
    "6289509413741@s.whatsapp.net": {
      "vip": false,
      "ban": false,
      "afkTime": -1,
      "afkReason": "",
      "register": false,
      "limit": 1,
      "money": 10,
      "lastclaim": 1754388697675,
      "lastbegal": 1754388697675,
      "lastrampok": 1754388697675
    },
    "120363401747379609@newsletter": {
      "vip": false,
      "ban": false,
      "afkTime": -1,
      "afkReason": "",
      "register": false,
      "limit": 1,
      "money": 10,
      "lastclaim": 1754388768090,
      "lastbegal": 1754388768090,
      "lastrampok": 1754388768090
    },
    "120363393709488810@newsletter": {
      "vip": false,
      "ban": false,
      "afkTime": -1,
      "afkReason": "",
      "register": false,
      "limit": 1,
      "money": 10,
      "lastclaim": 1754388783969,
      "lastbegal": 1754388783969,
      "lastrampok": 1754388783969
    },
    "120363385712257684@newsletter": {
      "vip": false,
      "ban": false,
      "afkTime": -1,
      "afkReason": "",
      "register": false,
      "limit": 1,
      "money": 10,
      "lastclaim": 1754388792114,
      "lastbegal": 1754388792114,
      "lastrampok": 1754388792114
    },
    "6282335521862@s.whatsapp.net": {
      "vip": false,
      "ban": false,
      "afkTime": -1,
      "afkReason": "",
      "register": false,
      "limit": 1,
      "money": 10,
      "lastclaim": 1754389012995,
      "lastbegal": 1754389012995,
      "lastrampok": 1754389012995
    },
    "6283821100853@s.whatsapp.net": {
      "vip": false,
      "ban": false,
      "afkTime": -1,
      "afkReason": "",
      "register": false,
      "limit": 1,
      "money": 10,
      "lastclaim": 1754389161530,
      "lastbegal": 1754389161530,
      "lastrampok": 1754389161530
    },
    "120363385513572355@newsletter": {
      "vip": false,
      "ban": false,
      "afkTime": -1,
      "afkReason": "",
      "register": false,
      "limit": 1,
      "money": 10,
      "lastclaim": 1754389165749,
      "lastbegal": 1754389165749,
      "lastrampok": 1754389165749
    },
    "6282276721701@s.whatsapp.net": {
      "vip": false,
      "ban": false,
      "afkTime": -1,
      "afkReason": "",
      "register": false,
      "limit": 1,
      "money": 10,
      "lastclaim": 1754389204315,
      "lastbegal": 1754389204315,
      "lastrampok": 1754389204315
    },
    "6285283064497@s.whatsapp.net": {
      "vip": false,
      "ban": false,
      "afkTime": -1,
      "afkReason": "",
      "register": false,
      "limit": 1,
      "money": 10,
      "lastclaim": 1754389428819,
      "lastbegal": 1754389428819,
      "lastrampok": 1754389428819
    },
    "6281216812614@s.whatsapp.net": {
      "vip": false,
      "ban": false,
      "afkTime": -1,
      "afkReason": "",
      "register": false,
      "limit": 1,
      "money": 10,
      "lastclaim": 1754389521871,
      "lastbegal": 1754389521871,
      "lastrampok": 1754389521871
    },
    "239840100655317@lid": {
      "vip": false,
      "ban": false,
      "afkTime": -1,
      "afkReason": "",
      "register": false,
      "limit": 1,
      "money": 10,
      "lastclaim": 1754389522610,
      "lastbegal": 1754389522610,
      "lastrampok": 1754389522610
    },
    "6283837331598@s.whatsapp.net": {
      "vip": false,
      "ban": false,
      "afkTime": -1,
      "afkReason": "",
      "register": false,
      "limit": 1,
      "money": 10,
      "lastclaim": 1754389578648,
      "lastbegal": 1754389578648,
      "lastrampok": 1754389578648
    },
    "6285757753135@s.whatsapp.net": {
      "vip": false,
      "ban": false,
      "afkTime": -1,
      "afkReason": "",
      "register": false,
      "limit": 1,
      "money": 10,
      "lastclaim": 1754389657892,
      "lastbegal": 1754389657892,
      "lastrampok": 1754389657892
    },
    "6288975213953@s.whatsapp.net": {
      "vip": false,
      "ban": false,
      "afkTime": -1,
      "afkReason": "",
      "register": false,
      "limit": 1,
      "money": 10,
      "lastclaim": 1754389667642,
      "lastbegal": 1754389667642,
      "lastrampok": 1754389667642
    },
    "120363420542691569@newsletter": {
      "vip": false,
      "ban": false,
      "afkTime": -1,
      "afkReason": "",
      "register": false,
      "limit": 1,
      "money": 10,
      "lastclaim": 1754389698379,
      "lastbegal": 1754389698379,
      "lastrampok": 1754389698379
    },
    "6285656796176@s.whatsapp.net": {
      "vip": false,
      "ban": false,
      "afkTime": -1,
      "afkReason": "",
      "register": false,
      "limit": 1,
      "money": 10,
      "lastclaim": 1754389783977,
      "lastbegal": 1754389783977,
      "lastrampok": 1754389783977
    },
    "6285718396125@s.whatsapp.net": {
      "vip": false,
      "ban": false,
      "afkTime": -1,
      "afkReason": "",
      "register": false,
      "limit": 1,
      "money": 10,
      "lastclaim": 1754389814483,
      "lastbegal": 1754389814483,
      "lastrampok": 1754389814483
    },
    "6283871108018@s.whatsapp.net": {
      "vip": false,
      "ban": false,
      "afkTime": -1,
      "afkReason": "",
      "register": false,
      "limit": 1,
      "money": 10,
      "lastclaim": 1754389909050,
      "lastbegal": 1754389909050,
      "lastrampok": 1754389909050
    },
    "6288985152635@s.whatsapp.net": {
      "vip": false,
      "ban": false,
      "afkTime": -1,
      "afkReason": "",
      "register": false,
      "limit": 1,
      "money": 10,
      "lastclaim": 1754389968586,
      "lastbegal": 1754389968586,
      "lastrampok": 1754389968586
    },
    "120363401113088372@newsletter": {
      "vip": false,
      "ban": false,
      "afkTime": -1,
      "afkReason": "",
      "register": false,
      "limit": 1,
      "money": 10,
      "lastclaim": 1754390181924,
      "lastbegal": 1754390181924,
      "lastrampok": 1754390181924
    },
    "120363401961794370@newsletter": {
      "vip": false,
      "ban": false,
      "afkTime": -1,
      "afkReason": "",
      "register": false,
      "limit": 1,
      "money": 10,
      "lastclaim": 1754390245262,
      "lastbegal": 1754390245262,
      "lastrampok": 1754390245262
    },
    "6283181933234@s.whatsapp.net": {
      "vip": false,
      "ban": false,
      "afkTime": -1,
      "afkReason": "",
      "register": false,
      "limit": 1,
      "money": 10,
      "lastclaim": 1754390261745,
      "lastbegal": 1754390261745,
      "lastrampok": 1754390261745
    },
    "202345136840894@lid": {
      "vip": false,
      "ban": false,
      "afkTime": -1,
      "afkReason": "",
      "register": false,
      "limit": 1,
      "money": 10,
      "lastclaim": 1754390262283,
      "lastbegal": 1754390262283,
      "lastrampok": 1754390262283
    },
    "628156178302@s.whatsapp.net": {
      "vip": false,
      "ban": false,
      "afkTime": -1,
      "afkReason": "",
      "register": false,
      "limit": 1,
      "money": 10,
      "lastclaim": 1754390295756,
      "lastbegal": 1754390295756,
      "lastrampok": 1754390295756
    },
    "6283171865851@s.whatsapp.net": {
      "vip": false,
      "ban": false,
      "afkTime": -1,
      "afkReason": "",
      "register": false,
      "limit": 1,
      "money": 10,
      "lastclaim": 1754390459487,
      "lastbegal": 1754390459487,
      "lastrampok": 1754390459487
    },
    "120363375095277925@newsletter": {
      "vip": false,
      "ban": false,
      "afkTime": -1,
      "afkReason": "",
      "register": false,
      "limit": 1,
      "money": 10,
      "lastclaim": 1754390487745,
      "lastbegal": 1754390487745,
      "lastrampok": 1754390487745
    },
    "6281455094163@s.whatsapp.net": {
      "vip": false,
      "ban": false,
      "afkTime": -1,
      "afkReason": "",
      "register": false,
      "limit": 1,
      "money": 10,
      "lastclaim": 1754390490219,
      "lastbegal": 1754390490219,
      "lastrampok": 1754390490219
    },
    "6288286245856@s.whatsapp.net": {
      "vip": false,
      "ban": false,
      "afkTime": -1,
      "afkReason": "",
      "register": false,
      "limit": 1,
      "money": 10,
      "lastclaim": 1754390509721,
      "lastbegal": 1754390509721,
      "lastrampok": 1754390509721
    },
    "6281373326843@s.whatsapp.net": {
      "vip": false,
      "ban": false,
      "afkTime": -1,
      "afkReason": "",
      "register": false,
      "limit": 1,
      "money": 10,
      "lastclaim": 1754390527798,
      "lastbegal": 1754390527798,
      "lastrampok": 1754390527798
    },
    "120363386788052288@newsletter": {
      "vip": false,
      "ban": false,
      "afkTime": -1,
      "afkReason": "",
      "register": false,
      "limit": 1,
      "money": 10,
      "lastclaim": 1754390692018,
      "lastbegal": 1754390692018,
      "lastrampok": 1754390692018
    },
    "120363419336665026@newsletter": {
      "vip": false,
      "ban": false,
      "afkTime": -1,
      "afkReason": "",
      "register": false,
      "limit": 1,
      "money": 10,
      "lastclaim": 1754390988450,
      "lastbegal": 1754390988450,
      "lastrampok": 1754390988450
    },
    "120363421142593252@newsletter": {
      "vip": false,
      "ban": false,
      "afkTime": -1,
      "afkReason": "",
      "register": false,
      "limit": 1,
      "money": 10,
      "lastclaim": 1754391070094,
      "lastbegal": 1754391070094,
      "lastrampok": 1754391070094
    },
    "120363346311095338@newsletter": {
      "vip": false,
      "ban": false,
      "afkTime": -1,
      "afkReason": "",
      "register": false,
      "limit": 1,
      "money": 10,
      "lastclaim": 1754391126618,
      "lastbegal": 1754391126618,
      "lastrampok": 1754391126618
    },
    "6287852642594@s.whatsapp.net": {
      "vip": false,
      "ban": false,
      "afkTime": -1,
      "afkReason": "",
      "register": false,
      "limit": 1,
      "money": 10,
      "lastclaim": 1754391396444,
      "lastbegal": 1754391396444,
      "lastrampok": 1754391396444
    },
    "6285718747988@s.whatsapp.net": {
      "vip": false,
      "ban": false,
      "afkTime": -1,
      "afkReason": "",
      "register": false,
      "limit": 1,
      "money": 10,
      "lastclaim": 1754391456816,
      "lastbegal": 1754391456816,
      "lastrampok": 1754391456816
    },
    "109522303631406@lid": {
      "vip": false,
      "ban": false,
      "afkTime": -1,
      "afkReason": "",
      "register": false,
      "limit": 1,
      "money": 10,
      "lastclaim": 1754391483906,
      "lastbegal": 1754391483906,
      "lastrampok": 1754391483906
    },
    "6285142243725@s.whatsapp.net": {
      "vip": false,
      "ban": false,
      "afkTime": -1,
      "afkReason": "",
      "register": false,
      "limit": 1,
      "money": 10,
      "lastclaim": 1754391513521,
      "lastbegal": 1754391513521,
      "lastrampok": 1754391513521
    },
    "62895323471118@s.whatsapp.net": {
      "vip": false,
      "ban": false,
      "afkTime": -1,
      "afkReason": "",
      "register": false,
      "limit": 1,
      "money": 10,
      "lastclaim": 1754391536211,
      "lastbegal": 1754391536211,
      "lastrampok": 1754391536211
    },
    "6282214496301@s.whatsapp.net": {
      "vip": false,
      "ban": false,
      "afkTime": -1,
      "afkReason": "",
      "register": false,
      "limit": 1,
      "money": 10,
      "lastclaim": 1754391564957,
      "lastbegal": 1754391564957,
      "lastrampok": 1754391564957
    },
    "120363399954694949@newsletter": {
      "vip": false,
      "ban": false,
      "afkTime": -1,
      "afkReason": "",
      "register": false,
      "limit": 1,
      "money": 10,
      "lastclaim": 1754391569524,
      "lastbegal": 1754391569524,
      "lastrampok": 1754391569524
    },
    "120363374247278803@newsletter": {
      "vip": false,
      "ban": false,
      "afkTime": -1,
      "afkReason": "",
      "register": false,
      "limit": 1,
      "money": 10,
      "lastclaim": 1754391599902,
      "lastbegal": 1754391599902,
      "lastrampok": 1754391599902
    },
    "6285863283982@s.whatsapp.net": {
      "vip": false,
      "ban": false,
      "afkTime": -1,
      "afkReason": "",
      "register": false,
      "limit": 1,
      "money": 10,
      "lastclaim": 1754391712800,
      "lastbegal": 1754391712800,
      "lastrampok": 1754391712800
    },
    "120363400917382985@newsletter": {
      "vip": false,
      "ban": false,
      "afkTime": -1,
      "afkReason": "",
      "register": false,
      "limit": 1,
      "money": 10,
      "lastclaim": 1754391845522,
      "lastbegal": 1754391845522,
      "lastrampok": 1754391845522
    },
    "6283898161964@s.whatsapp.net": {
      "vip": false,
      "ban": false,
      "afkTime": -1,
      "afkReason": "",
      "register": false,
      "limit": 1,
      "money": 10,
      "lastclaim": 1754391935449,
      "lastbegal": 1754391935449,
      "lastrampok": 1754391935449
    },
    "6283119296287@s.whatsapp.net": {
      "vip": false,
      "ban": false,
      "afkTime": -1,
      "afkReason": "",
      "register": false,
      "limit": 1,
      "money": 10,
      "lastclaim": 1754391954451,
      "lastbegal": 1754391954451,
      "lastrampok": 1754391954451
    },
    "6282260964727@s.whatsapp.net": {
      "vip": false,
      "ban": false,
      "afkTime": -1,
      "afkReason": "",
      "register": false,
      "limit": 1,
      "money": 10,
      "lastclaim": 1754392008419,
      "lastbegal": 1754392008419,
      "lastrampok": 1754392008419
    },
    "6285651035185@s.whatsapp.net": {
      "vip": false,
      "ban": false,
      "afkTime": -1,
      "afkReason": "",
      "register": false,
      "limit": 1,
      "money": 10,
      "lastclaim": 1754392126811,
      "lastbegal": 1754392126811,
      "lastrampok": 1754392126811
    },
    "120363396609714677@newsletter": {
      "vip": false,
      "ban": false,
      "afkTime": -1,
      "afkReason": "",
      "register": false,
      "limit": 1,
      "money": 10,
      "lastclaim": 1754392132455,
      "lastbegal": 1754392132455,
      "lastrampok": 1754392132455
    },
    "6281913728635@s.whatsapp.net": {
      "vip": false,
      "ban": false,
      "afkTime": -1,
      "afkReason": "",
      "register": false,
      "limit": 1,
      "money": 10,
      "lastclaim": 1754392190655,
      "lastbegal": 1754392190655,
      "lastrampok": 1754392190655
    },
    "6281220820927@s.whatsapp.net": {
      "vip": false,
      "ban": false,
      "afkTime": -1,
      "afkReason": "",
      "register": false,
      "limit": 1,
      "money": 10,
      "lastclaim": 1754392388666,
      "lastbegal": 1754392388666,
      "lastrampok": 1754392388666
    }
  },
  "game": {
    "suit": {},
    "chess": {},
    "chat_ai": {},
    "menfes": {},
    "tekateki": {},
    "akinator": {},
    "tictactoe": {},
    "tebaklirik": {},
    "kuismath": {},
    "blackjack": {},
    "tebaklagu": {},
    "tebakkata": {},
    "family100": {},
    "susunkata": {},
    "tebakbom": {},
    "ulartangga": {},
    "tebakkimia": {},
    "caklontong": {},
    "tebakangka": {},
    "tebaknegara": {},
    "tebakgambar": {},
    "tebakbendera": {}
  },
  "groups": {
    "120363329328877571@g.us": {
      "url": "",
      "text": {},
      "warn": {},
      "tagsw": {},
      "nsfw": false,
      "mute": false,
      "leave": false,
      "setinfo": false,
      "antilink": false,
      "demote": false,
      "antitoxic": false,
      "promote": false,
      "welcome": false,
      "antivirtex": false,
      "antitagsw": false,
      "antidelete": false,
      "antihidetag": false,
      "waktusholat": false
    },
    "120363400371838358@g.us": {
      "url": "",
      "text": {},
      "warn": {},
      "tagsw": {},
      "nsfw": false,
      "mute": false,
      "leave": false,
      "setinfo": false,
      "antilink": false,
      "demote": false,
      "antitoxic": false,
      "promote": false,
      "welcome": false,
      "antivirtex": false,
      "antitagsw": false,
      "antidelete": false,
      "antihidetag": false,
      "waktusholat": false
    },
    "120363417870713385@g.us": {
      "url": "",
      "text": {},
      "warn": {},
      "tagsw": {},
      "nsfw": false,
      "mute": false,
      "leave": false,
      "setinfo": false,
      "antilink": false,
      "demote": false,
      "antitoxic": false,
      "promote": false,
      "welcome": false,
      "antivirtex": false,
      "antitagsw": false,
      "antidelete": false,
      "antihidetag": false,
      "waktusholat": false
    },
    "120363374985570523@g.us": {
      "url": "",
      "text": {},
      "warn": {},
      "tagsw": {},
      "nsfw": false,
      "mute": false,
      "leave": false,
      "setinfo": false,
      "antilink": false,
      "demote": false,
      "antitoxic": false,
      "promote": false,
      "welcome": false,
      "antivirtex": false,
      "antitagsw": false,
      "antidelete": false,
      "antihidetag": false,
      "waktusholat": false
    },
    "120363372649074469@g.us": {
      "url": "",
      "text": {},
      "warn": {},
      "tagsw": {},
      "nsfw": false,
      "mute": false,
      "leave": false,
      "setinfo": false,
      "antilink": false,
      "demote": false,
      "antitoxic": false,
      "promote": false,
      "welcome": false,
      "antivirtex": false,
      "antitagsw": false,
      "antidelete": false,
      "antihidetag": false,
      "waktusholat": false
    },
    "120363401595191544@g.us": {
      "url": "",
      "text": {},
      "warn": {},
      "tagsw": {},
      "nsfw": false,
      "mute": false,
      "leave": false,
      "setinfo": false,
      "antilink": false,
      "demote": false,
      "antitoxic": false,
      "promote": false,
      "welcome": false,
      "antivirtex": false,
      "antitagsw": false,
      "antidelete": false,
      "antihidetag": false,
      "waktusholat": false
    },
    "120363419663544912@g.us": {
      "url": "",
      "text": {},
      "warn": {},
      "tagsw": {},
      "nsfw": false,
      "mute": false,
      "leave": false,
      "setinfo": false,
      "antilink": false,
      "demote": false,
      "antitoxic": false,
      "promote": false,
      "welcome": false,
      "antivirtex": false,
      "antitagsw": false,
      "antidelete": false,
      "antihidetag": false,
      "waktusholat": false
    },
    "120363331066440639@g.us": {
      "url": "",
      "text": {},
      "warn": {},
      "tagsw": {},
      "nsfw": false,
      "mute": false,
      "leave": false,
      "setinfo": false,
      "antilink": false,
      "demote": false,
      "antitoxic": false,
      "promote": false,
      "welcome": false,
      "antivirtex": false,
      "antitagsw": false,
      "antidelete": false,
      "antihidetag": false,
      "waktusholat": false
    },
    "120363418670590525@g.us": {
      "url": "",
      "text": {},
      "warn": {},
      "tagsw": {},
      "nsfw": false,
      "mute": false,
      "leave": false,
      "setinfo": false,
      "antilink": false,
      "demote": false,
      "antitoxic": false,
      "promote": false,
      "welcome": false,
      "antivirtex": false,
      "antitagsw": false,
      "antidelete": false,
      "antihidetag": false,
      "waktusholat": false
    },
    "120363404229101192@g.us": {
      "url": "",
      "text": {},
      "warn": {},
      "tagsw": {},
      "nsfw": false,
      "mute": false,
      "leave": false,
      "setinfo": false,
      "antilink": false,
      "demote": false,
      "antitoxic": false,
      "promote": false,
      "welcome": false,
      "antivirtex": false,
      "antitagsw": false,
      "antidelete": false,
      "antihidetag": false,
      "waktusholat": false
    },
    "120363402834116791@g.us": {
      "url": "",
      "text": {},
      "warn": {},
      "tagsw": {},
      "nsfw": false,
      "mute": false,
      "leave": false,
      "setinfo": false,
      "antilink": false,
      "demote": false,
      "antitoxic": false,
      "promote": false,
      "welcome": false,
      "antivirtex": false,
      "antitagsw": false,
      "antidelete": false,
      "antihidetag": false,
      "waktusholat": false
    },
    "120363298626371732@g.us": {
      "url": "",
      "text": {},
      "warn": {},
      "tagsw": {},
      "nsfw": false,
      "mute": false,
      "leave": false,
      "setinfo": false,
      "antilink": false,
      "demote": false,
      "antitoxic": false,
      "promote": false,
      "welcome": false,
      "antivirtex": false,
      "antitagsw": false,
      "antidelete": false,
      "antihidetag": false,
      "waktusholat": false
    },
    "120363177128283787@g.us": {
      "url": "",
      "text": {},
      "warn": {},
      "tagsw": {},
      "nsfw": false,
      "mute": false,
      "leave": false,
      "setinfo": false,
      "antilink": false,
      "demote": false,
      "antitoxic": false,
      "promote": false,
      "welcome": false,
      "antivirtex": false,
      "antitagsw": false,
      "antidelete": false,
      "antihidetag": false,
      "waktusholat": false
    },
    "120363393036266206@g.us": {
      "url": "",
      "text": {},
      "warn": {},
      "tagsw": {},
      "nsfw": false,
      "mute": false,
      "leave": false,
      "setinfo": false,
      "antilink": false,
      "demote": false,
      "antitoxic": false,
      "promote": false,
      "welcome": false,
      "antivirtex": false,
      "antitagsw": false,
      "antidelete": false,
      "antihidetag": false,
      "waktusholat": false
    },
    "120363403387246070@g.us": {
      "url": "",
      "text": {},
      "warn": {},
      "tagsw": {},
      "nsfw": false,
      "mute": false,
      "leave": false,
      "setinfo": false,
      "antilink": false,
      "demote": false,
      "antitoxic": false,
      "promote": false,
      "welcome": false,
      "antivirtex": false,
      "antitagsw": false,
      "antidelete": false,
      "antihidetag": false,
      "waktusholat": false
    },
    "120363416137935337@g.us": {
      "url": "",
      "text": {},
      "warn": {},
      "tagsw": {},
      "nsfw": false,
      "mute": false,
      "leave": false,
      "setinfo": false,
      "antilink": false,
      "demote": false,
      "antitoxic": false,
      "promote": false,
      "welcome": false,
      "antivirtex": false,
      "antitagsw": false,
      "antidelete": false,
      "antihidetag": false,
      "waktusholat": false
    },
    "120363419932730879@g.us": {
      "url": "",
      "text": {},
      "warn": {},
      "tagsw": {},
      "nsfw": false,
      "mute": false,
      "leave": false,
      "setinfo": false,
      "antilink": false,
      "demote": false,
      "antitoxic": false,
      "promote": false,
      "welcome": false,
      "antivirtex": false,
      "antitagsw": false,
      "antidelete": false,
      "antihidetag": false,
      "waktusholat": false
    }
  },
  "database": {},
  "premium": [
    {
      "id": "6282394961470@s.whatsapp.net",
      "expired": 6049754389617421
    },
    {
      "id": "6282259541919@s.whatsapp.net",
      "expired": 1754562471362
    }
  ],
  "sewa": [],
  "cases": [
    "addcase",
    "dim",
    "off",
    "setbio",
    "setppdim",
    "delppdim",
    "joindim",
    "leave",
    "clearchat",
    "getmsgstore",
    "storemsg",
    "blokir",
    "block",
    "listblock",
    "openblokir",
    "unblokir",
    "openblock",
    "unblock",
    "ban",
    "banned",
    "unban",
    "unbanned",
    "mute",
    "unmute",
    "addowner",
    "delowner",
    "adduang",
    "addmoney",
    "addlimit",
    "listpc",
    "listgc",
    "creategc",
    "buatgc",
    "addsewa",
    "sewa",
    "delsewa",
    "listsewa",
    "addpr",
    "addprem",
    "addpremium",
    "delpr",
    "delprem",
    "delpremium",
    "listpr",
    "listprem",
    "listpremium",
    "upsw",
    "addcase",
    "dim",
    "getcase",
    "delcase",
    "backup",
    "all",
    "auto",
    "session",
    "database",
    "getsession",
    "deletesession",
    "delsession",
    "deletesampah",
    "delsampah",
    "setnamebot",
    "setbotname",
    "setpacknamebot",
    "setbotpackname",
    "setauthorbot",
    "setbotauthor",
    "sc",
    "script",
    "dana",
    "nomor",
    "add",
    "kick",
    "dor",
    "promote",
    "demote",
    "warn",
    "warning",
    "unwarn",
    "delwarn",
    "unwarning",
    "delwarning",
    "setname",
    "setnamegc",
    "setsubject",
    "setsubjectgc",
    "setdesc",
    "setdescgc",
    "setdesk",
    "setdeskgc",
    "setppgroups",
    "setppgrup",
    "setppgc",
    "delete",
    "del",
    "d",
    "pin",
    "unpin",
    "linkgroup",
    "linkgrup",
    "linkgc",
    "urlgroup",
    "urlgrup",
    "urlgc",
    "revoke",
    "newlink",
    "newurl",
    "group",
    "grup",
    "gc",
    "close",
    "open",
    "join",
    "pesansementara",
    "disappearing",
    "antilink",
    "antivirtex",
    "antidelete",
    "welcome",
    "antitoxic",
    "waktusholat",
    "nsfw",
    "antihidetag",
    "setinfo",
    "antitagsw",
    "leave",
    "promote",
    "demote",
    "setwelcome",
    "setleave",
    "setpromote",
    "setdemote",
    "tagall",
    "hidetag",
    "h",
    "totag",
    "listonline",
    "liston",
    "owner",
    "listowner",
    "profile",
    "cek",
    "leaderboard",
    "totalpesan",
    "req",
    "request",
    "totalfitur",
    "/g) || []).length\r\n\t\t\t\tm.reply(`Total Fitur : ${total}`);\r\n\t\t\t}\r\n\t\t\tbreak\r\n\t\t\tcase ",
    "claim",
    "transfer",
    "tf",
    "buy",
    "react",
    "tagme",
    "runtime",
    "tes",
    "bot",
    "mode",
    "public",
    "self",
    "anticall",
    "autobio",
    "autoread",
    "autotyping",
    "readsw",
    "multiprefix",
    "antispam",
    "set",
    "settings",
    "ping",
    "botstatus",
    "statusbot",
    "speedtest",
    "speed",
    "afk",
    "readviewonce",
    "readviewone",
    "rvo",
    "inspect",
    "addmsg",
    "delmsg",
    "deletemsg",
    "getmsg",
    "listmsg",
    "setcmd",
    "addcmd",
    "delcmd",
    "listcmd",
    "lockcmd",
    "unlockcmd",
    "q",
    "quoted",
    "confes",
    "confess",
    "menfes",
    "menfess",
    "delconfes",
    "delconfess",
    "delmenfes",
    "delmenfess",
    "cai",
    "roomai",
    "chatai",
    "autoai",
    "delcai",
    "delroomai",
    "delchatai",
    "delautoai",
    "jadibot",
    "stopjadibot",
    "deljadibot",
    "listjadibot",
    "fetch",
    "get",
    "toaud",
    "toaudio",
    "tomp3",
    "tovn",
    "toptt",
    "tovoice",
    "togif",
    "toimage",
    "toimg",
    "toptv",
    "tourl",
    "texttospech",
    "tts",
    "tospech",
    "translate",
    "tr",
    "toqr",
    "qr",
    "tohd",
    "remini",
    "hd",
    "dehaze",
    "colorize",
    "colorfull",
    "hitamkan",
    "toblack",
    "ssweb",
    "readmore",
    "getexif",
    "cuaca",
    "weather",
    "sticker",
    "stiker",
    "s",
    "stickergif",
    "stikergif",
    "sgif",
    "stickerwm",
    "swm",
    "curi",
    "colong",
    "take",
    "stickergifwm",
    "sgifwm",
    "smeme",
    "stickmeme",
    "stikmeme",
    "stickermeme",
    "stikermeme",
    "emojimix",
    "qc",
    "quote",
    "fakechat",
    "brat",
    "bratvid",
    "bratvideo",
    "wasted",
    "trigger",
    "triggered",
    "nulis",
    "nuliskiri",
    "nuliskanan",
    "foliokiri",
    "foliokanan",
    "bass",
    "blown",
    "deep",
    "earrape",
    "fast",
    "fat",
    "nightcore",
    "reverse",
    "robot",
    "slow",
    "smooth",
    "tupai",
    "tinyurl",
    "shorturl",
    "shortlink",
    "git",
    "gitclone",
    "ai",
    "simi",
    "bard",
    "gemini",
    "aiedit",
    "google",
    "gimage",
    "bingimg",
    "play",
    "ytplay",
    "yts",
    "ytsearch",
    "youtubesearch",
    "pixiv",
    "pinterest",
    "pint",
    "wallpaper",
    "ringtone",
    "npm",
    "npmjs",
    "style",
    "spotify",
    "spotifysearch",
    "tenor",
    "urban",
    "igstalk",
    "instagramstalk",
    "wastalk",
    "whatsappstalk",
    "telestalk",
    "telegramstalk",
    "tiktokstalk",
    "ttstalk",
    "genshinstalk",
    "gistalk",
    "ghstalk",
    "githubstalk",
    "ytmp3",
    "ytaudio",
    "ytplayaudio",
    "ytmp4",
    "ytvideo",
    "ytplayvideo",
    "ig",
    "instagram",
    "instadl",
    "igdown",
    "igdl",
    "igstory",
    "instagramstory",
    "instastory",
    "storyig",
    "tiktok",
    "tiktokdown",
    "ttdown",
    "ttdl",
    "tt",
    "ttmp4",
    "ttvideo",
    "tiktokmp4",
    "tiktokvideo",
    "ttmp3",
    "tiktokmp3",
    "ttaudio",
    "tiktokaudio",
    "fb",
    "fbdl",
    "fbdown",
    "facebook",
    "facebookdl",
    "facebookdown",
    "fbdownload",
    "fbmp4",
    "fbvideo",
    "mediafire",
    "mf",
    "spotifydl",
    "motivasi",
    "bijak",
    "dare",
    "quotes",
    "truth",
    "renungan",
    "bucin",
    "coffe",
    "kopi",
    "waifu",
    "neko",
    "dadu",
    "halah",
    "hilih",
    "huluh",
    "heleh",
    "holoh",
    "bisakah",
    "apakah",
    "kapan",
    "kapankah",
    "siapa",
    "siapakah",
    "tanyakerang",
    "kerangajaib",
    "kerang",
    "cekmati",
    "ceksifat",
    "cekkhodam",
    "rate",
    "nilai",
    "jodohku",
    "jadian",
    "fitnah",
    "coba",
    "slot",
    "casino",
    "samgong",
    "kartu",
    "rampok",
    "merampok",
    "begal",
    "suitpvp",
    "suit",
    "delsuit",
    "deletesuit",
    "ttc",
    "ttt",
    "tictactoe",
    "delttc",
    "delttt",
    "akinator",
    "tebakbom",
    "tekateki",
    "tebaklirik",
    "tebakkata",
    "family100",
    "susunkata",
    "tebakkimia",
    "caklontong",
    "tebaknegara",
    "tebakgambar",
    "tebakbendera",
    "tebakangka",
    "butawarna",
    "colorblind",
    "kuismath",
    "math",
    "ulartangga",
    "snakeladder",
    "ut",
    "create",
    "join",
    "start",
    "leave",
    "end",
    "chess",
    "catur",
    "ct",
    "start",
    "join",
    "end",
    "leave",
    "bot",
    "computer",
    "blackjack",
    "bj",
    "create",
    "join",
    "start",
    "hit",
    "minum",
    "play",
    "info",
    "end",
    "dimzz",
    "dimzzmenu",
    "dimzzbot",
    "groupmenu",
    "searchmenu",
    "downloadmenu",
    "quotesmenu",
    "toolsmenu",
    "aimenu",
    "randommenu",
    "stalkermenu",
    "animemenu",
    "gamemenu",
    "funmenu",
    "ownermenu"
  ]
}